OBJECTID_1,OBJECTID,NAME,ELEV,TYPE,FIPS_CNTRY,COUNTRY,x,y
1,1,Mesa Nevada deHerveo,5590,Solfatara stage,CO,Colombia,-75.4663746455734,5.30132124917634
2,2,Nevado del Ruiz,5400,Active,CO,Colombia,-75.3663742950376,4.88467571711072
3,3,Nevado del Tolima,5215,Active,CO,Colombia,-75.3663744614122,4.65135474032905
4,4,Machin,2750,Solfatara stage,CO,Colombia,-75.3663746286861,4.15137933418896
5,5,Nevado del Huila,5750,Solfatara stage,CO,Colombia,-75.9830512148417,3.00144058751317
6,6,Purace,4600,Active,CO,Colombia,-76.3830621255166,2.36814005312101
7,7,Sotara,4580,Potentially active,CO,Colombia,-76.6164059504742,2.21814561392898
8,8,Dona Juana,4250,Active,CO,Colombia,-76.9330719782891,1.5181823472376
9,9,Galeras,4482,Active,CO,Colombia,-77.2997569430285,1.2181984717821
10,10,Azufral de Tuquerres,4070,Solfatara stage,CO,Colombia,-77.683090537898,1.08487117436528
11,11,Cumbal,4764,Active,EC,Ecuador,-77.8830995783828,-0.981692679773289
12,12,Reventader,3485,Active,EC,Ecuador,-77.6664202269119,-0.0817362159535833
13,13,Pichincha,4787,Active,EC,Ecuador,-78.5997853554098,-0.248395962303789
14,14,Antizana,5705,Active,EC,Ecuador,-78.1331057094609,-0.481717440907119
15,15,Sumaco,3828,Active,EC,Ecuador,-77.6497647592362,-0.565047147707674
16,16,Cotopaxi,5897,Active,EC,Ecuador,-78.3664495353178,-0.631709879107575
17,17,Quilotoa,3981,Active,EC,Ecuador,-78.9164512159508,-0.865032524131664
18,18,Lunganate,0,Potentially active,EC,Ecuador,-78.2497775392021,-1.21501615846887
19,19,Tungurahua,5016,Active,EC,Ecuador,-78.4497795748674,-1.46500294423043
20,20,Sangay,5230,Active,EC,Ecuador,-78.3331235893821,-2.03164124814504
21,21,Fernandina,1546,Active,EC,Ecuador,-91.5167797985488,-0.348391143536389
22,22,Wolf,1710,Active,EC,Ecuador,-91.3501037079197,-0.0317387917118026
23,23,Darwin,1325,Potentially active,EC,Ecuador,-91.3001074518974,-0.181731397186184
24,24,Alcedo,1127,Active,EC,Ecuador,-91.1334311939944,-0.381722426049066
25,25,Santo Tomas,1490,Active,EC,Ecuador,-91.1667581399761,-0.831700241572833
26,26,Cerro Azul,1690,Active,EC,Ecuador,-91.3334492402902,-0.831700241572833
27,27,San Salvador,920,Active,EC,Ecuador,-90.7500905943054,-0.198398538961328
28,28,Santa Maria,640,Active,EC,Ecuador,-90.4500802023395,-1.28167822257188
29,29,Nevado Coropuna,6621,Solfatara stage,PE,Peru,-72.6996247195052,-15.5144072834693
30,30,Hualca-Gaulca,5795,Solfatara stage,PE,Peru,-71.882937590997,-15.7977266854381
31,31,Vol. Misti,5825,Active,PE,Peru,-71.4162507747534,-16.2977087618498
32,32,Ubinas,5672,Active,PE,Peru,-70.8995827103738,-16.3477070197631
33,33,Omate,4800,Active,PE,Peru,-70.8662484268234,-16.5810296647871
34,34,Ticsani,5415,Potentially active,PE,Peru,-70.5995713174623,-16.7643633922567
35,35,Tutupaca,5806,Active,PE,Peru,-70.3662348300733,-17.0310156515511
36,36,Calientes,5358,Potentially active,PE,Peru,-70.2162287167818,-17.1476798100751
37,37,Yucamane,5508,Active,PE,Peru,-70.1995582394212,-17.1810097579939
38,38,Nevado Sajama,6529,Potentially active,BL,Bolivia,-68.8828568477653,-18.1143191842829
39,39,De Sacabaya,4150,Solfatara stage,BL,Bolivia,-68.7828549953617,-18.6143047626546
40,40,Cerro Tulapalca,4780,Potentially active,CI,Chile,-69.466205987916,-18.6976351367521
41,41,Cerro Arintica,5590,Solfatara stage,CI,Chile,-69.0495312710513,-18.7309622500078
42,42,Isluga,5530,Active,CI,Chile,-68.832865761046,-19.147619288899
43,43,Irruputunco,5165,Solfatara stage,CI,Chile,-68.5661831487333,-20.7309095673226
44,44,Olca,5310,Solfatara stage,CI,Chile,-68.5161782205484,-20.9309047663418
45,45,Cerro Aucanquilcha,6148,Solfatara stage,CI,Chile,-68.4661729578157,-21.2142370097302
46,46,Oyahue,5874,Solfatara stage,CI,Chile,-68.1994958493539,-21.2975643818907
47,47,San Pedro,6159,Active,CI,Chile,-68.3995040561672,-21.8808821689769
48,48,Cerros'de Tatio,4280,Solfatara stage,CI,Chile,-68.0328239279818,-22.3475423023353
49,49,Cerros de Tocorpuri,5833,Solfatara stage,CI,Chile,-67.8994892929964,-22.4308701745189
50,50,Putana,5890,Solfatara stage,CI,Chile,-67.8661548412729,-22.5642064768474
51,51,Licancabur,5930,Active,CI,Chile,-67.9494840480504,-22.830862406275
52,52,El Negrillar,3500,Potentially active,CI,Chile,-68.2328231289842,-23.1308566221354
53,53,Lascar,5641,Active,CI,Chile,-67.7328093658595,-23.3641917749304
54,54,Llullaillaco,6723,Active,CI,Chile,-68.5494983289847,-24.7141709151556
55,55,Lastarria,5680,Solfatara stage,CI,Chile,-68.5161625435665,-25.1641652404335
56,56,Submarine volcano,-91,Active, , ,-78.78308205869,-33.6141634716668
57,57,Submarine volcano,-432,Active, , ,-76.816363792555,-33.5641587098565
58,58,Nevado Tupungatito,5640,Active,CI,Chile,-69.7994897928197,-33.3974662758479
59,59,San Jose,5830,Active,CI,Chile,-69.9161447782589,-33.797467346141
60,60,Tinguiririca,4300,Solfatara stage,CI,Chile,-70.3494933080697,-34.8141478390515
61,61,Descabezado Grande,3830,Active,CI,Chile,-70.7495012168077,-35.5808166970329
62,62,Cerro Azul,3810,Active,CI,Chile,-70.7661711941453,-35.6641617462676
63,63,Nevados de Chillan,3180,Active,CI,Chile,-71.3828431110207,-36.8641778003652
64,64,Antuco,2985,Active,CI,Chile,-71.3661771356662,-37.3975181758231
65,65,Copahue,2969,Solfatara stage,CI,Chile,-71.1661560874334,-37.8475221742089
66,66,Lonquimay,2890,Active,CI,Chile,-71.582852485154,-38.3642044137027
67,67,Llaima,3124,Active,CI,Chile,-71.6995068032963,-38.6975434198929
68,68,Villarrica,2840,Active,CI,Chile,-71.9495095987889,-39.4142306978883
69,69,Rinihue,2430,Active,CI,Chile,-72.0328446421665,-39.9309007623602
70,70,Nilahue,300,Active,CI,Chile,-72.0995097091057,-40.3475789820843
71,71,Puyehue,2240,Active,CI,Chile,-72.132841157993,-40.5809149685509
72,72,Osorno,2660,Active,CI,Chile,-72.4995181178668,-41.0975998763332
73,73,Calbuco,2015,Active,CI,Chile,-72.6161891130371,-41.3309365300967
74,74,Huequi,1050,Active,CI,Chile,-72.6661711939454,-42.33096539094
75,75,Minchinmavida,2470,Active,CI,Chile,-72.4495003473631,-42.797649706169
76,76,Corcovado,2300,Active,CI,Chile,-72.7995150011164,-43.180994307841
77,77,Cerro  Hudson,2600,Active,CI,Chile,-72.9661615732979,-45.8977629875718
78,78,Lautaro,3380,Active,CI,Chile,-73.5494883661951,-49.0145699281596
79,79,Viedma,1300,Solfatara stage,AR,Argentina,-73.3328171868636,-49.4145900101208
80,80,Cerro Burney,1750,Active,CI,Chile,-73.3994438950197,-52.3313984170033
81,81,Pinta,777,Active,EC,Ecuador,-90.7500905943054,-0.581712622139776
82,82,Marchena,354,Solfatara stage,EC,Ecuador,-90.4667505124262,-0.331725002706662
83,83,Santa Fe,274,Solfatara stage,EC,Ecuador,-90.066746440196,-0.798368959060156
84,84,Espanola,205,Active,EC,Ecuador,-89.7000613081828,-1.38167340380448
85,85,Nevado Chupiquina,5787,Solfatara stage,PE,Peru,-69.7995531662456,-17.6260206178572
86,86,Tacora,5980,Solfatara stage,PE,Peru,-69.8637715277338,-17.6845328933783
87,87,Guallatiri,6060,Active,BL,Bolivia,-69.048441252262,-18.4057962133246
88,88,Puquintica,5760,Solfatara stage,CI,Chile,-69.0087663166122,-18.7309620827339
89,89,NevadoOjos delSalado,6885,Solfatara stage,CI,Chile,-68.5590713459658,-27.0820554842732
90,90,Peteroa,4090,Active,CI,Chile,-70.6033730404334,-35.2474843611143
91,91,San Felix,183,Solfatara stage,CI,Chile,-80.1164729402739,-26.264179775776
92,92,El Janqui,915,Active,CI,Chile,-78.8497499602924,-33.6641670661571
93,93,Submarine volcano,0,Active, , ,-77.9997498945419,-23.9975365047059
94,94,Tanaga,2138,Active,US,United States,-178.11902523083,51.8822094096366
95,95,Mt. Moffett,1196,Solfatara stage,US,United States,-176.752329083221,51.9322361859513
96,96,Adak,631,Solfatara stage,US,United States,-176.602337645966,51.9822381121992
97,97,Great Sitkin,1754,Active,US,United States,-176.119034719077,52.0655793267246
98,98,Korovin,1489,Active,US,United States,-174.169051638322,52.3822862125388
99,99,Mt. Kliuchef,915,Solfatara stage,US,United States,-174.152339967515,52.3156256494042
100,100,Sarichef,614,Active,US,United States,-174.052348789165,52.3156276503958
101,101,Seguam,1056,Active,US,United States,-172.385642083216,52.3156606717027
102,102,Yunaska,603,Active,US,United States,-170.652345857875,52.6490266944265
103,103,Cleveland,1740,Active,US,United States,-169.969062575278,52.8157081225319
104,104,Tana,1770,Solfatara stage,US,United States,-169.769050365582,52.8323700941046
105,105,Mt. Vsevidof,2123,Active,US,United States,-168.702364610838,53.1323944957095
106,106,Mt. Recheshnoi,1940,Active,US,United States,-168.552370671669,53.1490684750302
107,107,Okmok Caldera,1079,Active,US,United States,-168.05238209136,53.4157489199768
108,108,Tulik,1252,Active,US,United States,-168.052380256743,53.3824077979816
109,109,Makushin,2048,Active,US,United States,-166.935700580617,53.8657692617421
110,110,Submarine volcano,-300,Active, , ,-166.002363136849,53.3991194678892
111,111,Akutan,1300,Active,US,United States,-166.002404662145,54.1324507067348
112,112,Gilbert,819,Solfatara stage,US,United States,-165.652403517109,54.2657971821943
113,113,Submarine volcano,-70,Active, , ,-169.00258646939,56.665746071624
114,114,Pogromhi,2300,Active,US,United States,-164.702415607694,54.5658175809167
115,115,Westdale Peak,1541,Active,US,United States,-164.652409178541,54.5158183229573
116,116,Submarine volcano,-70,Active, , ,-164.369099783328,54.3158231239381
117,117,Fisher,1080,Active,US,United States,-164.419121888564,54.6324846488475
118,118,Shishaldin,2874,Active,US,United States,-163.969127396912,54.7491633152349
119,119,Isanotski,2495,Active,US,United States,-163.735727036074,54.7491679854143
120,120,Kookooligit Mtns.,631,Potentially active,US,United States,-170.086497717196,63.5658258312971
121,121,Morzhovoi,2600,Active,US,United States,-162.835723709482,54.9991872915603
122,122,Mt. Emmouns,1326,Potentially active,US,United States,-162.069133400986,55.3325329689214
123,123,Haig,1400,Potentially active,US,United States,-161.985745490962,55.3658759246343
124,124,Pavlof Vol,2731,Active,US,United States,-161.902434629455,55.4158808537185
125,125,Pavlof Sister,2149,Active,US,United States,-161.852448212015,55.4492111352857
126,126,Mt. Veniaminof,2575,Active,US,United States,-159.38575687528,56.1659374366634
127,127,Aniakshak Crater,1356,Active,US,United States,-158.169165236686,56.5492923787403
128,128,Chiginagak,2434,Active,US,United States,-157.002483800687,57.1326541939359
129,129,Mt. Peulik,1533,Active,US,United States,-156.352521293823,57.7493439551595
130,130,Martin,1844,Active,US,United States,-155.402521043012,58.1493703755424
131,131,Mt. Mageik,2223,Active,US,United States,-155.252527938414,58.1993731354619
132,132,Novarupta,841,Active,US,United States,-155.169234420332,58.2827040095824
133,133,Knife Peak,2313,Solfatara stage,US,United States,-155.135836429707,58.3327044357612
134,134,Trident,2082,Active,US,United States,-155.119226990233,58.2327052516461
135,135,Mt. Katmai,2298,Active,US,United States,-154.985834985696,58.2660483755321
136,136,Kukak Vol,2003,Active,US,United States,-154.35253545135,58.4493946098734
137,137,Mt. Douglas,2328,Solfatara stage,US,United States,-153.552547485878,58.86608500372
138,138,St Augustin,1218,Active,US,United States,-153.419281226347,59.3660959312822
139,139,Iliamna Vol,3091,Active,US,United States,-152.752617389081,60.0327811157559
140,140,Redout Vol,3129,Active,US,United States,-152.752652244106,60.4661313129098
141,141,Mt. Spurr,3374,Active,US,United States,-152.252711360241,61.2994860841155
142,142,Mt. Sanford,4950,Solfatara stage,US,United States,-144.119280928372,62.2163359987075
143,143,Mt. Wrangell,4320,Active,US,United States,-144.019253560403,61.9996616501651
144,144,Mt. Blackbern,5039,Solfatara stage,US,United States,-143.402514434494,61.7329967158258
145,145,Yukon,2469,Potentially active,US,United States,-141.469144795196,61.4496961591505
146,146,Mt. Edziza,2132,Potentially active,CA,Canada,-130.501818068449,57.1664582734306
147,147,Teax River Cone,609,Potentially active,CA,Canada,-128.835056993985,57.1164781935139
148,148,Mt. Baker,3316,Active,US,United States,-121.817944344756,48.7831411188676
149,149,Mt. Rainier,4395,Active,US,United States,-121.817899482975,46.8664801475408
150,150,Mt. St. Helens,2975,Active,US,United States,-122.184487886607,46.1998096391036
151,151,Mt. Adams,3754,Potentially active,US,United States,-121.501171583602,46.1998166430237
152,152,Mt. Hood,3424,Potentially active,US,United States,-121.701157109513,45.3664855545647
153,153,Yellowstone,2500,Solfatara stage,US,United States,-110.000775984924,43.9999224904307
154,154,Craters of the Moon,2005,Potentially active,US,United States,-113.450872567015,43.3332298020138
155,155,Mt. Mazama,2723,Potentially active,US,United States,-122.151127752943,42.9165008839087
156,156,Glass Mountains,2350,Potentially active,US,United States,-121.501084861977,41.6165180006053
157,157,Little Glass Mount.,2109,Potentially active,US,United States,-121.584384716681,41.5831767113362
158,158,Mt. Shasta,4317,Active,US,United States,-122.184395995679,41.399847154023
159,159,Sidney Cowan,2125,Active,US,United States,-121.501067184003,40.5331921206199
160,160,Lassen Peak,3189,Active,US,United States,-121.517768180757,40.4998633400212
161,161,Steamboat,1415,Solfatara stage,US,United States,-119.717699155092,39.383227191082
162,162,Coso Hot Springs,1290,Solfatara stage,US,United States,-117.784207605497,35.999976121301
163,163,Submarine volcano,-3000,Active, , ,-110.033893966234,19.0006175436648
164,164,Las Tres Virgenes,1985,Active,MX,Mexico,-112.583994392927,27.4669263588644
165,165,Ceboruco,2164,Active,MX,Mexico,-104.500460321287,21.1505381202381
166,166,Colima,3960,Active,MX,Mexico,-103.717133160067,19.4172862566555
167,167,Paricutin,3170,Active,MX,Mexico,-102.250397804015,19.4839466534154
168,168,Jorullo,1330,Active,MX,Mexico,-101.667083686163,19.0339691715401
169,169,Sierra de San Andres,3589,Solfatara stage,MX,Mexico,-100.633657835641,19.8339346233842
170,170,Xictli,3120,Active,MX,Mexico,-99.216985778271,19.2506330133029
171,171,Popocatepetl,5452,Active,MX,Mexico,-98.6169718309852,19.0173145375359
172,172,Pico de Orizaba,5675,Active,MX,Mexico,-97.2836011292886,19.0339768427571
173,173,San Martin,1550,Active,MX,Mexico,-95.1668689113711,18.5839986944842
174,174,El Chichon,1350,Solfatara stage,MX,Mexico,-93.200156149087,17.3340574290072
175,175,Tajumulco,4220,Active,GT,Guatemala,-91.9001257348148,15.0508354042306
176,176,Santa Maria,3772,Active,GT,Guatemala,-91.550117418584,14.7508498605327
177,177,Cerro Quemado,3027,Active,GT,Guatemala,-91.5167836341574,14.8008476175236
178,178,Zunil,3533,Solfatara stage,GT,Guatemala,-91.4834426794361,14.717521579957
179,179,Atitlan,3537,Active,GT,Guatemala,-91.1834317865477,14.5841881122916
180,180,Toliman,3158,Solfatara stage,GT,Guatemala,-91.1834319529223,14.6175265659983
181,181,Acatenango,3976,Active,GT,Guatemala,-90.8834280648533,14.5008622410996
182,182,Fuego,3736,Active,GT,Guatemala,-90.8834280648533,14.4841930974335
183,183,Agua,3766,Active,GT,Guatemala,-90.7500935962424,14.4675339605239
184,184,Pacaya,2552,Active,GT,Guatemala,-90.6000876493255,14.3841979162009
185,185,Tequamburro,1840,Solfatara stage,GT,Guatemala,-90.4167419150073,14.1508792740593
186,186,Ahuachapan,1436,Solfatara stage,ES,El Salvador,-89.7667378819477,13.7508988827773
187,187,Santa Ana,2382,Active,ES,El Salvador,-89.6333955757452,13.850895064056
188,188,Izalco,1965,Active,ES,El Salvador,-89.6333955757452,13.8175666171057
189,189,Cerro el Playon,660,Potentially active,ES,El Salvador,-89.3334006925879,13.8175667843797
190,190,San Salvador,1850,Active,ES,El Salvador,-89.2833884259351,13.7342299063851
191,191,Aylas Quemadas,450,Active,ES,El Salvador,-89.0500524394685,13.6675731788592
192,192,San Vicente,2000,Solfatara stage,ES,El Salvador,-88.8500432317097,13.6175755882429
193,193,Tecapa,600,Solfatara stage,ES,El Salvador,-88.5000350818535,13.5009112633442
194,194,Chinameca,1228,Solfatara stage,ES,El Salvador,-88.2333583061409,13.4842421196781
195,195,San Miguel,2130,Active,ES,El Salvador,-88.2666990944876,13.4342445290618
196,196,Conchagua,1250,Solfatara stage,ES,El Salvador,-87.8500173728035,13.2842519244868
197,197,Cosiguina,859,Active,NU,Nicaragua,-87.5666839620951,12.9842667144374
198,198,El Viejo,1745,Active,NU,Nicaragua,-86.999996460768,12.700950648054
199,199,Chichigalpa,1592,Solfatara stage,NU,Nicaragua,-86.9666625099669,12.6842813380134
200,200,Telica,1010,Active,NU,Nicaragua,-86.8499915147966,12.6009564668675
201,201,Santa Clara,834,Potentially active,NU,Nicaragua,-86.8166647351894,12.5676281871911
202,202,Hervideros de San,140,Solfatara stage,NU,Nicaragua,-86.8166647351894,12.5676281871911
203,203,Cerro Negro,675,Active,NU,Nicaragua,-86.6999857351535,12.5009604519634
204,204,Las Pilas,938,Active,NU,Nicaragua,-86.6833152577929,12.5009604519634
205,205,Momotombo,1191,Active,NU,Nicaragua,-86.533317482116,12.4176345807713
206,206,Masaya,635,Active,NU,Nicaragua,-86.149976549678,11.9843159030565
207,207,Mombacho,1345,Active,NU,Nicaragua,-85.983300291775,11.8343232984815
208,208,Concepcion,1610,Active,NU,Nicaragua,-85.6166300030721,11.5343382548066
209,209,Orosi,1440,Active,CS,Costa Rica,-85.4666242234291,10.9843655925981
210,210,Ricon de la Vieja,1806,Active,CS,Costa Rica,-85.3499532282588,10.8343731543976
211,211,Miravalles,2028,Active,CS,Costa Rica,-85.1499511916941,10.7510472832056
212,212,Arenal,1552,Active,CS,Costa Rica,-84.7332686363384,10.4677313831968
213,213,Poas,2704,Active,CS,Costa Rica,-84.2165924007187,10.201074620997
214,214,Barva,2894,Active,CS,Costa Rica,-84.0832661042473,10.1344080530892
215,215,Irazu,3432,Active,CS,Costa Rica,-83.8499151071964,9.98441744950571
216,216,Turrialba,3335,Active,CS,Costa Rica,-83.7665840667013,10.0344128718566
217,217,Mt. St. Catherine,840,Potentially active,GJ,Grenada,-61.6660390146887,12.1509481328501
218,218,Submarine volcano,-192,Active, , ,-61.6326968926475,12.3009402374021
219,219,Soufriere,1178,Active,VC,St. Vincent and the Grenadines,-61.1826837220761,13.3342158273986
220,220,Wallibou,777,Active,ST,St. Lucia,-61.0493472515744,13.8341898980454
221,221,Submarine volcano,-500,Active, , ,-61.0660182298574,14.0341797604876
222,222,Montagne Pelee,1397,Active,MB,Martinique,-61.1660202486355,14.817481406142
223,223,Morne Patates,525,Solfatara stage,DO,Dominica,-61.3660206169579,15.2174609628532
224,224,Grand Soufriere,792,Active,DO,Dominica,-61.2993488806463,15.3007866676707
225,225,Diablotin,1421,Solfatara stage,DO,Dominica,-61.4160240450736,15.5007770292366
226,226,Morne au Diable,861,Solfatara stage,DO,Dominica,-61.4493533256954,15.6174411877607
227,227,Submarine volcano,-7,Active, , ,-61.2826757340978,16.1340862366905
228,228,Soufriere,1467,Active,GP,Guadeloupe,-61.6660281742608,16.0507495250706
229,229,Soifriere Hills,914,Active,MH,Montserrat,-62.1826972386866,16.7173883467948
230,230,Mt. Misery,1157,Active,SC,St. Kitts and Nevis,-62.79937766135,17.3673608604154
231,231,Kiska,1227,Active,US,United States,-177.602343658633,52.0988867601159
232,232,Segula,1159,Potentially active,US,United States,-178.135634169381,52.0155475474814
233,233,Little Sitkin,1202,Active,US,United States,-178.535624233771,51.9488709737165
234,234,Ceber,780,Solfatara stage,US,United States,-179.585625001493,51.9321801500939
235,235,Sugarloaf,857,Solfatara stage,US,United States,-179.635626261343,51.8988503694491
236,236,Mt. Gareloi,1637,Active,US,United States,-178.802324356784,51.798864360402
237,237,Kanaga,1356,Active,US,United States,-178.169029825366,51.9155493643117
238,238,Kasatochi,310,Potentially active,US,United States,-175.50234128862,52.1822601613774
239,239,Amukta,1064,Active,US,United States,-171.269039621981,52.4990125762694
240,240,Chagulak,1145,Solfatara stage,US,United States,-171.152344611315,52.582342783093
241,241,Carlile,1620,Active,US,United States,-170.069058590182,52.8990381620816
242,242,Uliaga,887,Potentially active,US,United States,-169.785665141633,53.0657119180706
243,243,Kagamil,898,Active,US,United States,-169.735671386625,52.9657139021749
244,244,Bogoslof,46,Active,US,United States,-168.035703275486,53.93240931224
245,245,Amak,546,Active,US,United States,-163.152448606918,55.4158558372771
246,246,Submarine volcano,-200,Active,US,United States,-150.119106871485,57.9161394541725
247,247,Nevis Peak,985,Active,SC,St. Kitts and Nevis,-62.5827023127615,17.150699686941
248,248,Quill,601,Potentially active,NT,Netherlands Antilles,-62.9493829409699,17.4840148449092
249,249,Mountain,887,Potentially active,NT,Netherlands Antilles,-63.2327181862952,17.6340084504297
250,250,Barcena,375,Active,MX,Mexico,-110.800614689916,19.2672728048961
251,251,Socorro,1000,Active,MX,Mexico,-111.950634487991,18.7506229194123
252,252,Tacana,4092,Active,MX,Mexico,-92.1222535110906,15.1258657283208
253,253,Conchaguita,550,Active,ES,El Salvador,-87.7666861659338,13.2009260532948
254,254,Koniuji,270,Active,US,United States,-175.135643482461,52.2156074536211
255,255,Collie Evganel Group,600,Solfatara stage,IT,Italy,11.668686665857,45.2488174324786
256,256,Larderello,210,Solfatara stage,IT,Italy,10.8686234855854,43.2488791200754
257,257,Monte Amiata,1738,Solfatara stage,IT,Italy,11.6352686617194,42.8988774741162
258,258,Mt.Cavo,949,Potentially active,IT,Italy,12.7352286630724,41.7822179778775
259,259,Roccamonfina,1066,Active,IT,Italy,13.9352061929116,41.298883197002
260,260,Campi Flegrei,458,Active,IT,Italy,14.1351927197683,40.8322238982144
261,261,Vesuvio,1281,Active,IT,Italy,14.4351892702687,40.8155615920938
262,262,Etna,3290,Active,IT,Italy,15.0017768749029,37.7323250844352
263,263,Submarine volcano,0,Active, , ,13.1684486123137,37.3323667076575
264,264,Submarine volcano,0,Active, , ,14.0684129146243,35.999081225718
265,265,Submarine volcano,0,Active, , ,18.6683775323972,35.8990215037394
266,266,Submarine volcano,0,Active, , ,21.451691202487,36.2822915588084
267,267,Susaki,180,Solfatara stage,GR,Greece,23.068379137887,37.9321982067819
268,268,Kameno Vouno,760,Active,GR,Greece,23.3516990407782,37.5822060666567
269,269,Kos Island,430,Solfatara stage,GR,Greece,26.9516376332702,36.6988678808481
270,270,Eldborg,112,Active,IC,Iceland,-22.3136215106242,64.7829099458374
271,271,Trolladyngja,393,Active,IC,Iceland,-22.0970388866353,63.9328810289364
272,272,Ogmundahraun,120,Active,IC,Iceland,-22.1803789338407,63.866219131208
273,273,Kapelluhraun,120,Potentially active,IC,Iceland,-21.9303606286401,63.9828779522558
274,274,Brennisteinsfjoll,543,Active,IC,Iceland,-21.7636992131481,63.9495446687515
275,275,Blaufjoll,395,Potentially active,IC,Iceland,-21.5470176943111,63.9995405911254
276,276,Eldborgs,410,Potentially active,IC,Iceland,-21.5303475496996,64.016210568463
277,277,Eldborg(Hnappadalur),370,Potentially active,IC,Iceland,-21.4970139325469,64.0328733746066
278,278,Kristnitokuhraun,400,Potentially active,IC,Iceland,-21.3803539441791,64.016207566526
279,279,Submarine volcano,0,Active, , ,-20.2470586583304,63.3328252218066
280,280,Eyjafjallajokull,1666,Active,IC,Iceland,-19.6136849110298,63.632822439604
281,281,Katla,900,Active,IC,Iceland,-19.0636720563203,63.6328109318791
282,282,Raudhubjallar,550,Potentially active,IC,Iceland,-19.7469848573652,63.9328326651954
283,283,Easter Trippafjoll,645,Potentially active,IC,Iceland,-19.7469848573652,63.9328326651954
284,284,Hekla,1491,Active,IC,Iceland,-19.6969794291573,63.9828319231548
285,285,Craters by Mundafell,760,Potentially active,IC,Iceland,-19.5469741495373,63.9828287548432
286,286,Krakatindur,800,Active,IC,Iceland,-19.4636387725113,64.0161678749475
287,287,Lambafitarhraun,550,Potentially active,IC,Iceland,-19.3969610314264,64.0828421140724
288,288,Hraftinnuhraun,920,Active,IC,Iceland,-19.1803018589436,63.949491302082
289,289,Laugahraun,800,Potentially active,IC,Iceland,-19.0802950036115,63.9828190817353
290,290,Namshraun,680,Potentially active,IC,Iceland,-19.0636328647648,63.9994890590729
291,291,Eldgja,0,Active,IC,Iceland,-18.6136280327075,63.9661497716947
292,292,Laki,650,Active,IC,Iceland,-18.230268087702,64.0661462875212
293,293,Sidhujokull,0,Active,IC,Iceland,-17.8969257459264,64.1161365396696
294,294,Trollahraun,900,Active,IC,Iceland,-18.0802204482151,64.4661473578144
295,295,Orafajokull,2119,Active,IC,Iceland,-16.6135724801858,63.9994373597464
296,296,Thordharhyarna,1660,Active,IC,Iceland,-17.5302327763215,64.2661334807756
297,297,Grimsvotn,1719,Active,IC,Iceland,-17.3135504229136,64.4161197487275
298,298,Kverkfjoll,1920,Active,IC,Iceland,-16.6801721727076,64.6494572361626
299,299,Dyngjuhals,1100,Active,IC,Iceland,-17.2968349173975,64.799475357202
300,300,Askja,1510,Active,IC,Iceland,-16.7301269025345,65.0327995040939
301,301,Sveinagja,440,Active,IC,Iceland,-16.4467309529711,65.5328067624222
302,302,Jardhbadhsholar,300,Active,IC,Iceland,-16.8467253529926,65.6328161196682
303,303,Rossadalur,400,Active,IC,Iceland,-16.8467233511017,65.6494875979743
304,304,Krafla,620,Active,IC,Iceland,-16.7633831375217,65.7161526640143
305,305,Leirhnukur,650,Active,IC,Iceland,-16.7967107516998,65.7328168038525
306,306,Submarine volcano,0,Active,IC,Iceland,-16.4799456617628,66.4161562886818
307,307,Submarine volcano,0,Active, , ,-18.4966815311277,66.2495379012532
308,308,Submarine volcano,-17,Active, , ,-18.9133610845464,66.2495469070641
309,309,Submarine volcano,0,Active, , ,-25.2467383341068,67.1663636339746
310,310,Submarine volcano,-108,Active, , ,-25.4969547635515,65.4996615973049
311,311,Birenberg,2227,Active,JN,Jan Mayen,-8.3123435857878,70.9994602685766
312,312,Faial,1043,Active,PO,Portugal,-28.7317725416694,38.5996213542422
313,313,Pico,2351,Active,PO,Portugal,-28.3984308662914,38.4662920558338
314,314,Submarine volcano,0,Active, , ,-27.4650899205633,38.2162855911072
315,315,San Jorge,1053,Active,PO,Portugal,-28.0817516643078,38.649614441953
316,316,Submarine volcano,-284,Active, , ,-27.415083991433,38.4996069949669
317,317,Submarine volcano,-200,Active, , ,-27.481738884342,38.7829300652704
318,318,Santa Barbara,1023,Active,PO,Portugal,-27.3150773024755,38.7329299736394
319,319,Guilherme Moniz,808,Solfatara stage,PO,Portugal,-27.1984063073052,38.7329284726709
320,320,Sete Cidades,856,Active,PO,Portugal,-25.7817330826156,37.8662697700339
321,321,Agua de Pau,948,Active,PO,Portugal,-25.4650685566685,37.7662690849504
322,322,Fournaise,805,Active,PO,Portugal,-25.3150672790317,37.7662670839588
323,323,Submarine volcano,-2835,Active, , ,-25.8316854778025,39.9495526316487
324,324,Submarine volcano,-3000,Active, , ,-42.4988147479023,31.5333114507629
325,325,Submarine volcano,-4200,Active, , ,-38.0819360341206,38.7497375373575
326,326,Submarine volcano,-1650,Active, , ,-34.4982598291278,48.9995784843596
327,327,El'brus,5633,Active,RS,Russia,42.4515194439672,43.3317201865374
328,328,Kazbek,5047,Potentially active,RS,Russia,44.5347871295224,42.7650443593098
329,329,Graciosa,402,Solfatara stage,PO,Portugal,-27.9650805018636,39.0162722228848
330,330,Submarine volcano,0,Active,PO,Portugal,-26.631736317577,38.2329328875428
331,331,Submarine volcano,0,Active,PO,Portugal,-25.8817446072278,37.8662711037285
332,332,Submarine volcano,0,Active,PO,Portugal,-25.8817384369792,37.5996081703808
333,333,Submarine volcano,0,Active,IC,Iceland,-23.7637962918653,63.4829023797411
334,334,Submarine volcano,0,Active,IC,Iceland,-22.9137478623739,63.7495619775033
335,335,Surtsey,174,Active,IC,Iceland,-20.6137411211558,63.2995029451049
336,336,Helgafell,220,Active,IC,Iceland,-20.2470484851994,63.4328305761702
337,337,Submarine volcano,0,Active,IC,Iceland,-17.0966420941573,66.3161827883051
338,338,Submarine volcano,0,Active,IC,Iceland,-18.5965654752164,67.1162346272263
339,339,Ischia,789,Active,IT,Italy,13.9018604016363,40.7322330526134
340,340,Stromboli,926,Active,IT,Italy,15.2184710696841,38.7822799903294
341,341,Lipari,602,Potentially active,IT,Italy,14.9517954612916,38.4822964485223
342,342,Vulcano,500,Active,IT,Italy,14.9684632703637,38.3989714110019
343,343,Submarine volcano,0,Active,IT,Italy,12.7351079209938,37.1990515843632
344,344,Submarine volcano,0,Active,IT,Italy,11.9184434733876,36.8324056439054
345,345,Submarine volcano,0,Active,IT,Italy,13.701760803918,36.6990576665781
346,346,Milos,751,Solfatara stage,GR,Greece,24.3371055438858,36.6594429351434
347,347,Santorini,130,Active,GR,Greece,25.4023964213578,36.3985301158722
348,348,Submarine volcano,0,Active,GR,Greece,25.5349810856086,36.4988955300047
349,349,Nisiros,698,Active,GR,Greece,27.1683011413846,36.5655400834082
350,350,Submarine volcano,0,Active,IT,Italy,13.001769353373,36.8990608704628
351,351,Submarine volcano,-900,Active, , ,146.365540978234,-2.86482124240638
352,352,Langila,1189,Active,PP,Papua New Guinea,148.415510068035,-5.53125845461392
353,353,Bangum,1052,Solfatara stage,PP,Papua New Guinea,149.932091085935,-5.34794507340638
354,354,Benda,320,Active,PP,Papua New Guinea,150.098791525708,-5.03130422930667
355,355,Bola,1164,Solfatara stage,PP,Papua New Guinea,150.032080096919,-5.14796221578359
356,356,Welker,897,Solfatara stage,PP,Papua New Guinea,150.015478829584,-5.41460547016629
357,357,Garbuna,564,Solfatara stage,PP,Papua New Guinea,150.032079595997,-5.4479347516874
358,358,Krummel,869,Solfatara stage,PP,Papua New Guinea,150.032079595997,-5.46460139343952
359,359,Pago,724,Active,PP,Papua New Guinea,150.532072512836,-5.58125854624484
360,360,Walo,15,Solfatara stage,PP,Papua New Guinea,150.898767650707,-5.53126345754248
361,361,Galloseulo,1173,Solfatara stage,PP,Papua New Guinea,151.115470183103,-5.3312807662943
362,362,Mt.Bamus,2248,Solfatara stage,PP,Papua New Guinea,151.265462454928,-5.19795930637684
363,363,Mt.Ulawun,2300,Active,PP,Papua New Guinea,151.34877465013,-5.04797303842491
364,364,Rabaul,226,Active,PP,Papua New Guinea,152.16546144499,-4.2647057486713
365,365,Lihir,817,Solfatara stage,PP,Papua New Guinea,152.632056037556,-3.09813888450185
366,366,Mt.Balbi,2593,Solfatara stage,PP,Papua New Guinea,154.982028349029,-5.93123917954443
367,367,Mt.Bagana,1702,Active,PP,Papua New Guinea,155.198715371717,-6.13122337086185
368,368,Loloru,1894,Solfatara stage,PP,Papua New Guinea,155.615411602164,-6.51452711363532
369,369,Simbo,312,Solfatara stage,BP,Solomon Islands,156.515390079589,-8.29772020012706
370,370,Kovachi,0,Active,BP,Solomon Islands,157.948675912963,-9.01433609893178
371,371,Gaua,700,Active,NH,Vanuatu,167.498568770233,-14.2473409216462
372,372,Aoba,1350,Solfatara stage,NH,Vanuatu,167.848564912341,-15.397268327871
373,373,Ambrym,1334,Active,NH,Vanuatu,168.081848366709,-16.2472180279896
374,374,Submarine volcano,0,Active, , ,168.365245150843,-16.6805236979103
375,375,Submarine volcano,0,Active, , ,169.215229205963,-18.7137505993107
376,376,Yasur Volcano,350,Active,NH,Vanuatu,169.431819834818,-19.5137093799839
377,377,Mt.Matavanu,708,Active,WS,Western Samoa,-172.368173770503,-13.5141771212771
378,378,Mauga Afi,1599,Active,WS,Western Samoa,-172.534770144327,-13.5141761212309
379,379,Submarine volcano,-46,Active, , ,-169.601477377479,-14.1974849202928
380,380,Submarine volcano,0,Active,TN,Tonga,-173.851495384205,-15.3140655342969
381,381,Submarine volcano,0,Active, , ,-173.618189749857,-15.5640533201046
382,382,Submarine volcano,-221,Active, , ,-174.318206215944,-17.9139240675416
383,383,Submarine volcano,0,Active, , ,-174.618217442481,-18.8138756948075
384,384,Submarine volcano,-4900,Active, , ,-171.001512812466,-18.9972274329996
385,385,Submarine volcano,-5400,Active, , ,-171.868216375985,-19.2472085485356
386,386,Submarine volcano,0,Active, , ,-175.384836769401,-20.5637863625506
387,387,Submarine volcano,0,Active, , ,-175.468134289466,-20.6137842868154
388,388,Submarine volcano,-12,Active, , ,-175.534833710507,-20.8471030962309
389,389,Submarine volcano,-1500,Active, , ,-175.768147183346,-21.4637424927218
390,390,Submarine volcano,-100,Active, , ,-177.868345842986,-29.1801104641266
391,391,Submarine volcano,-119,Active, , ,178.498236156473,-35.6632900316096
392,392,Tarawera,1111,Active,NZ,New Zealand,176.481488946658,-38.229903170295
393,393,Tongariro,1978,Active,NZ,New Zealand,175.648156189956,-39.1298903207816
394,394,Ngauruhoe,2291,Active,NZ,New Zealand,175.631462364397,-39.1632309418545
395,395,Ruapehu,2796,Active,NZ,New Zealand,175.564854667909,-39.2798869282391
396,396,Mount Egmont,2518,Active,NZ,New Zealand,174.064860908604,-39.2965333901038
397,397,Submarine volcano,-13,Active, , ,-175.537338451908,-21.1131911685375
398,398,Kilauea,1222,Active,US,United States,-155.301418999587,19.4336642169301
399,399,Mauna Loa,4170,Active,US,United States,-155.618118548732,19.483666810475
400,400,Hualalai,2515,Active,US,United States,-155.868122845193,19.7003141415844
401,401,Haleakala,3055,Active,US,United States,-156.251436927472,20.7169197542433
402,402,Submarine volcano,-500,Active, , ,-157.918164313332,21.7501773326179
403,403,Submarine volcano,-3500,Active, , ,-158.851475407864,21.6501748129173
404,404,Submarine volcano,-4000,Active, , ,-163.834825319833,23.5833476625646
405,405,Curtis Island,137,Active,NZ,New Zealand,-178.584966245596,-30.496739810194
406,406,Submarine volcano,0,Active,NZ,New Zealand,-178.918365456001,-30.2300717066439
407,407,Raoul Island,543,Active,NZ,New Zealand,-177.918350271148,-29.2634476757696
408,408,Niuafo'ou,260,Active,TN,Tonga,-175.634794370364,-15.5973679255893
409,409,Fonualei,129,Active,TN,Tonga,-174.334810151567,-18.1472410423402
410,410,Leith Island,518,Active,TN,Tonga,-174.651512201727,-18.7972062183922
411,411,Submarine volcano,0,Active,TN,Tonga,-174.784815150898,-18.9971964135836
412,412,Submarine volcano,0,Active,TN,Tonga,-174.868221071645,-19.1805167987113
413,413,Tofua Island,506,Active,TN,Tonga,-175.068223941881,-19.7971546942337
414,414,Submarine volcano,0,Active,TN,Tonga,-175.418235260949,-20.3137974085236
415,415,A'opo,1664,Active,WS,Western Samoa,-172.518077653361,-13.6141694678466
416,416,Baluan,246,Solfatara stage,PP,Papua New Guinea,147.282122723985,-2.54818206475045
417,417,Tuluman,40,Active,PP,Papua New Guinea,147.298831559229,-2.44818971908023
418,418,Lou Island,281,Solfatara stage,PP,Papua New Guinea,147.332125151155,-2.39819629772092
419,419,Ambitle,562,Solfatara stage,PP,Papua New Guinea,153.598747611113,-4.08139053284674
420,420,Paraza Sulfur Field,800,Solfatara stage,BP,Solomon Islands,156.581995275062,-7.68110114899878
421,421,Submarine volcano,0,Active,BP,Solomon Islands,157.098696192575,-8.4143798548464
422,422,Garua Harbour,30,Solfatara stage,PP,Papua New Guinea,150.080816227387,-5.26284058512488
423,423,Lolobau,932,Active,PP,Papua New Guinea,151.16547327757,-4.93131555197112
424,424,Garove,350,Solfatara stage,PP,Papua New Guinea,149.498794255451,-4.68133293546657
425,425,Narage,315,Active,PP,Papua New Guinea,149.115498850292,-4.54800964093215
426,426,Savo,510,Active,BP,Solomon Islands,159.81535513703,-9.13099992290807
427,427,Lopevi,1447,Active,NH,Vanuatu,168.348553659923,-16.4972046473765
428,428,Submarine volcano,0,Active,NH,Vanuatu,168.531837689058,-16.8638537561459
429,429,Tongoa,20,Solfatara stage,NH,Vanuatu,168.565239348917,-16.880512059384
430,430,Matthew Island,200,Active,NC,New Caledonia,171.298479880842,-22.3302430963418
431,431,Hunter Island,297,Solfatara stage,NC,New Caledonia,172.048475092252,-22.3969160008727
432,432,White Island,321,Active,NZ,New Zealand,177.181501077113,-37.5132562520743
433,433,Suretamatai,920,Solfatara stage,NH,Vanuatu,167.46527684565,-13.7911597076543
434,434,Tinakula,650,Active,BP,Solomon Islands,165.933154227086,-10.7318555751746
435,435,Jalua,733,Solfatara stage,ER,Eritrea,39.8178596658909,15.0502346930767
436,436,Alid,685,Solfatara stage,ER,Eritrea,39.8845195626278,14.866920311823
437,437,Kebrit Ale,240,Solfatara stage,ET,Ethiopia,40.3678453367929,13.9836550052743
438,438,Alu,400,Active,ET,Ethiopia,40.467845020931,13.8336677372763
439,439,Gabuli,450,Solfatara stage,ET,Ethiopia,40.5345019148315,13.8003402903722
440,440,Bor Eli,435,Active,ET,Ethiopia,40.5511712248722,13.7170175883911
441,441,Erta Ale,615,Solfatara stage,ET,Ethiopia,40.6011688154885,13.6170262427669
442,442,Umnuna,1000,Solfatara stage,ET,Ethiopia,40.5844986717763,13.5170350635174
443,443,Dubbi,1300,Active,ER,Eritrea,41.6011524809023,13.5170303942373
444,444, ,2000,Potentially active,ER,Eritrea,41.6844821877028,13.3503758171902
445,445,Sork Ali,2130,Potentially active,ET,Ethiopia,41.6511534071041,13.2670522806383
446,446,Asdaga,2165,Solfatara stage,ET,Ethiopia,41.7178219751041,13.2003878818953
447,447,Afdera,1287,Active,ET,Ethiopia,40.8344926287319,13.0837322291591
448,448,Kurub,0,Solfatara stage,ET,Ethiopia,40.9844862342524,11.7338519846814
449,449,Boina,700,Solfatara stage,ET,Ethiopia,42.2011347414752,10.9672563387091
450,450,Gabillema,1400,Solfatara stage,ET,Ethiopia,41.2844777818243,11.0672518535902
451,451,Aielu,2010,Active,ET,Ethiopia,40.7011553245586,10.0840017062138
452,452,Abida,1745,Active,ET,Ethiopia,40.8344802873355,10.0673437366242
453,453,Dofane,1065,Solfatara stage,ET,Ethiopia,40.0844894115572,9.35074117836274
454,454,Fantale,2000,Solfatara stage,ET,Ethiopia,39.9011640235009,8.98410691200445
455,455,Alutu,2300,Potentially active,ET,Ethiopia,38.7845051936598,7.76755463224055
456,456,Chabbi,2304,Active,ET,Ethiopia,38.4345098852231,7.18427436846736
457,457,Central Island,564,Solfatara stage,KE,Kenya,36.0512056239405,3.50127874092118
458,458,Honel Island,915,Solfatara stage,KE,Kenya,36.7511960744393,2.61802427390114
459,459,Teleki,646,Active,KE,Kenya,36.6011957977479,2.36804699487294
460,460,Likaiu,457,Active,KE,Kenya,36.551197540734,2.36804699487294
461,461,Sugota and Logippi,427,Solfatara stage,KE,Kenya,36.5011992828207,2.36804699487294
462,462,Menengai,2278,Solfatara stage,KE,Kenya,36.1012017135882,-0.231720815663039
463,463,Homa Mountain,1781,Solfatara stage,KE,Kenya,34.5012252817214,-0.381707750012595
464,464,Ol Doinyo Eburru,2856,Solfatara stage,KE,Kenya,36.2345320129421,-0.631685363588588
465,465,Orengingnai,2160,Solfatara stage,KE,Kenya,36.301200248193,-0.898328784345892
466,466,Longonot,2779,Solfatara stage,KE,Kenya,36.451200023962,-0.914994258777995
467,467,Ol Doinyo Nyuke,2358,Solfatara stage,KE,Kenya,36.3511985061062,1.18481915917693
468,468,Shaitani,1667,Active,KE,Kenya,37.9678499182392,2.86800055288325
469,469,Chaimu,1616,Active,KE,Kenya,38.0678466004403,2.93466044962008
470,470,Mayamoto,950,Solfatara stage,CG,Zaire,29.3346185244254,-0.931661400553139
471,471,Nyamlagira,3056,Active,CG,Zaire,29.2012912270086,1.3848050187367
472,472,Nyiragongo,3465,Active,CG,Zaire,29.2346198412328,1.48479636346144
473,473,Visoke,3711,Active,CG,Zaire,29.4846171328745,1.53479178671165
474,474,Cameroon,4070,Active,CM,Cameroon,9.1681003587446,4.20126218660067
475,475,Tousside,3265,Solfatara stage,CD,Chad,16.4181684229344,21.049923549832
476,476,Tarso Voon,2500,Solfatara stage,CD,Chad,17.1681628006727,20.9665930093599
477,477,Jebel Marra,3024,Active,SU,Sudan,24.2680446380497,12.9504953217018
478,478,Palma,2423,Active,SP,Spain,-17.8317979791933,28.5831682594077
479,479,Tenerife,3713,Active,SP,Spain,-16.6317892635636,28.2998370169648
480,480,Lanzarote,671,Active,SP,Spain,-13.5150907245572,29.1164347555596
481,481,Piton de la Fournas,2631,Active,RE,Reunion,55.7009331494453,-21.1966569607501
482,482,Karthala,2361,Active,DJ,Djibouti,43.3844482978507,11.7505109552164
483,483,Garbes,1000,Solfatara stage,ET,Ethiopia,42.5119129015592,11.0309823915242
484,484,Ol Doinyo Lengai,2886,Active,TZ,United Republic of Tanzania,35.9178796611175,-2.75775911928787
485,485,Kilimanjaro,5895,Solfatara stage,TZ,United Republic of Tanzania,37.3691077706072,-3.06389986498675
486,486,Kiyo,2175,Active,TZ,United Republic of Tanzania,33.7864987362278,-9.20975258681239
487,487,Meru,4565,Active,TZ,United Republic of Tanzania,36.7869281987774,-3.23026509325939
488,488,Vulkan,600,Active,CH,China,81.0003573906811,35.998415641069
489,489, ,5200,Active,CH,China,91.7000332302495,35.8484056912697
490,490,Laohei Shan,524,Active,CH,China,126.332136476018,48.6813536445551
491,491,Huoshao Shan,500,Active,CH,China,126.348796780247,48.731352568866
492,492,Indigirskiy,993,Active,RS,Russia,143.730538189486,66.4315666413875
493,493,Anyuyskiy,1050,Potentially active,RS,Russia,165.196488892948,67.1653451607506
494,494,Ichinskaya,3631,Solfatara stage,RS,Russia,157.914357176643,55.7650673200009
495,495,Shiveluch,3395,Active,RS,Russia,161.580901130983,56.7817970103238
496,496,Blizn. and Daln. Plo,3943,Potentially active,RS,Russia,160.630942239992,56.1984458691816
497,497,Klyuchevskiy,4850,Active,RS,Russia,160.780949687878,56.1817897333096
498,498,Kamen',4575,Potentially active,RS,Russia,160.747629413067,56.1151161623811
499,499,Besym'anyy,2800,Active,RS,Russia,160.714277116995,56.0651164034993
500,500,Ostryy Tolbachik,3682,Potentially active,RS,Russia,160.41430141278,55.9484457419775
501,501,Ploskiy Tolbachik,3085,Active,RS,Russia,160.464289497562,55.9317796002484
502,502,Bol'shaya Udina,2923,Potentially active,RS,Russia,160.747625743833,55.9317851040993
503,503,Kizimen,2485,Active,RS,Russia,160.531030111151,55.1651199144525
504,504,Komarova,2070,Solfatara stage,RS,Russia,160.96434778882,55.0817843710519
505,505,Gamchen,2576,Solfatara stage,RS,Russia,160.914349364532,54.9984556642975
506,506,Kronotskiy,3528,Active,RS,Russia,160.714356000129,54.7317825587182
507,507,Krasheninnikova,1857,Solfatara stage,RS,Russia,160.59771152147,54.6151157319056
508,508,Kikhpinych,1552,Solfatara stage,RS,Russia,160.481050032133,54.5151118785104
509,509,Uzon,1617,Solfatara stage,RS,Russia,160.081046626301,54.531774184631
510,510,Burlyashchiy,1000,Solfatara stage,RS,Russia,160.114416933095,54.2651099166894
511,511,Tsentralnyy Semyachi,1100,Solfatara stage,RS,Russia,160.081076478397,54.2651092502917
512,512,Malyy Semyachik,1571,Active,RS,Russia,159.881075942801,54.1151121419119
513,513,Karymskiy,1486,Active,RS,Russia,159.597758375449,54.0650962069245
514,514,Zhupanovskiy,2958,Active,RS,Russia,159.28112336705,53.5817669299
515,515,Dzenzurskiy,2285,Active,RS,Russia,158.914458082175,53.6317548483077
516,516,Avachinskiy,2751,Active,RS,Russia,158.997807134292,53.2150951402286
517,517,Koryakskiy,3456,Active,RS,Russia,158.897814454074,53.2817627081825
518,518,Opala,2475,Active,RS,Russia,157.447869818337,52.4317372932416
519,519,Gorelyy Khrebet,1829,Active,RS,Russia,158.114544496032,52.4484231139356
520,520,Mutnovskiy,2324,Active,RS,Russia,158.264509750425,52.348420761509
521,521,Ksudach,1079,Active,RS,Russia,157.5145470585,51.8317453595607
522,522,Zheltovskiy,1953,Active,RS,Russia,157.281259435774,51.4984170265246
523,523,Il'inskiy,1578,Active,RS,Russia,157.114593351002,51.4317487912738
524,524,Kambal'nyy,2156,Solfatara stage,RS,Russia,156.764617721531,51.2484067261895
525,525,Ebeko,1138,Active,RS,Russia,155.931314149628,50.6650679264437
526,526,Vernadskogo,1184,Solfatara stage,RS,Russia,155.964643597524,50.5483980976941
527,527,Chikurachki,1817,Active,RS,Russia,155.464661688386,50.3317285857057
528,528,Tatarinova,1530,Solfatara stage,RS,Russia,155.448015725645,50.3150586083681
529,529,Karpinskogo,1345,Active,RS,Russia,155.364680182245,50.148395692807
530,530,Nemo,1019,Active,RS,Russia,154.814710854722,49.5650595613498
531,531,Krenitsyna,1325,Active,RS,Russia,154.71471450617,49.3650683652129
532,532,Sinarka,934,Active,RS,Russia,154.181417991547,48.8817300823774
533,533,Kuntomintar,828,Active,RS,Russia,154.014753575017,48.7650655911042
534,534,Sarycheva,1497,Active,RS,Russia,153.198128318967,48.0983974182063
535,535,Submarine volcano,-150,Active, , ,153.331442441316,48.0817329438203
536,536,Submarine volcano,-2000,Active, , ,152.764819147086,47.5984041677182
537,537,Prevo,1360,Active,RS,Russia,152.114842464208,47.0150680362609
538,538,Zavaritskogo,624,Active,RS,Russia,151.948206898829,46.9484049712125
539,539,Goryashchaya Sopka,891,Active,RS,Russia,151.748202527625,46.8317356433853
540,540,Submarine volcano,0,Active, , ,150.864914373799,46.4983981381636
541,541,Trezubets,1017,Active,RS,Russia,150.114926832707,46.0650599478583
542,542,Berga,950,Active,RS,Russia,150.081602555014,46.0650634498184
543,543,Kolokol,1330,Potentially active,RS,Russia,150.064925406482,46.0483966416917
544,544,Kudryavyy,991,Active,RS,Russia,148.798308827091,45.3817249659345
545,545,Chirip,1564,Solfatara stage,RS,Russia,147.914995656824,45.3817119572411
546,546,Bogdan Khmelnitskiy,1540,Active,RS,Russia,147.915012167478,45.3317173685618
547,547,Baranskogo,1126,Active,RS,Russia,148.031669654831,45.0983958908577
548,548,Teben'kova,1212,Solfatara stage,RS,Russia,147.915006330878,45.0150685186972
549,549,Ivan Groznyy,1158,Active,RS,Russia,147.865003403684,45.0150678514003
550,550,Submarine volcano,-1350,Active, , ,147.231669013414,45.065049098637
551,551,Stokap,1566,Potentially active,RS,Russia,147.331679037957,44.8483930953651
552,552,Berutarube,1222,Solfatara stage,RS,Russia,146.931704149627,44.4650601668932
553,553,Tyatya,1822,Active,RS,Russia,146.248387512973,44.3483901726684
554,554,Ruruy,1486,Solfatara stage,RS,Russia,146.131718185146,44.4483833520101
555,555,Mendeleyeva,890,Active,RS,Russia,145.698408179594,43.8984000166475
556,556,Golovnina,547,Active,RS,Russia,145.548434586687,43.815060636739
557,557,Siretoko-Io Zan,1563,Active,JA,Japan,145.165103325558,44.1317139895091
558,558,Atosanupuri,574,Solfatara stage,JA,Japan,144.431779592454,43.6150550982143
559,559,Me-Akan,1503,Active,JA,Japan,144.015107543878,43.3817234473793
560,560,Daisetu,2290,Solfatara stage,JA,Japan,142.881808922444,43.6817009862116
561,561,Tokati,2077,Active,JA,Japan,142.681823062884,43.415037385567
562,562,Iwaonupuri,1154,Solfatara stage,JA,Japan,140.631879322273,42.881694008172
563,563,Tarumai,1024,Active,JA,Japan,141.381851852781,42.6817169871493
564,564,Usu,725,Active,JA,Japan,140.83187985697,42.5317145421924
565,565,Kuttara,581,Solfatara stage,JA,Japan,141.181878668266,42.4983872625622
566,566,Komaga Take,1140,Active,JA,Japan,140.681899926541,42.0650594126618
567,567,E-San,618,Active,JA,Japan,141.165233039173,41.7984098207567
568,568,Osore Yama,879,Solfatara stage,JA,Japan,141.081901497756,41.3151020573142
569,569,Hakkoda,1585,Solfatara stage,JA,Japan,140.881923310313,40.6484590672322
570,570,Iwaki,1625,Active,JA,Japan,140.298608191515,40.6484520624128
571,571,Akita-Yake Yama,1366,Active,JA,Japan,140.765287002893,39.9651480999049
572,572,Hatimantai,1614,Solfatara stage,JA,Japan,140.848613374108,39.9484877956753
573,573,Iwate,2041,Active,JA,Japan,140.998606145957,39.8484919471457
574,574,Akita-Komaga Take,1637,Active,JA,Japan,140.798615617117,39.7484949312961
575,575,Tyokai,2230,Active,JA,Japan,140.048644753952,39.0985104108269
576,576,Kurikoma,1628,Active,JA,Japan,140.78196865433,38.9485319813659
577,577,Narugo,461,Solfatara stage,JA,Japan,140.731970897339,38.7318744771255
578,578,Zao,1841,Active,JA,Japan,140.415323714818,38.1485623602647
579,579,Azuma,2024,Active,JA,Japan,140.248662800248,37.7319168281991
580,580,Adatara,1719,Active,JA,Japan,140.282019264677,37.6152540042689
581,581,Bandai,1819,Active,JA,Japan,140.01534816009,37.5985816922913
582,582,Nasu,1917,Active,JA,Japan,139.965338728999,37.1152794326997
583,583,Nikko-Sirane,2578,Active,JA,Japan,139.382028779505,36.7986160740726
584,584,Akagi,1828,Active,JA,Japan,139.198702891425,36.5486301219826
585,585,Kusatu-Sirane,2176,Active,JA,Japan,138.532059233147,36.615285515814
586,586,Asama,2542,Active,JA,Japan,138.532062902381,36.3986368501106
587,587,Myoko,2446,Solfatara stage,JA,Japan,138.115392021125,36.8819331058282
588,588,Niigata-Yake Yama,2400,Active,JA,Japan,138.032065316261,36.9152675566525
589,589,Midagahara,2621,Solfatara stage,JA,Japan,137.565406016574,36.5819438928964
590,590,Yake Dake,2455,Active,JA,Japan,137.582089669003,36.2152944504786
591,591,Norikura,3026,Solfatara stage,JA,Japan,137.548751882593,36.1153054403938
592,592,Haku San,2702,Active,JA,Japan,136.782105539139,36.1486317190787
593,593,On Take,3063,Solfatara stage,JA,Japan,137.482090819436,35.8986524390589
594,594,Fuji-san,3776,Active,JA,Japan,138.732072276514,35.3486894490589
595,595,Hakone,1348,Active,JA,Japan,139.015393013077,35.2320299607142
596,596,Omuro Yama,581,Potentially active,JA,Japan,139.115401869401,34.9153866138012
597,597,Hatizyo Zima,854,Active,JA,Japan,139.765408737124,33.1321593404812
598,598,Submarine volcano,-1322,Active, , ,140.032093017679,32.2822154769627
599,599,Submarine volcano,-1335,Active, , ,140.498753151037,31.5822605487854
600,600,Submarine volcano,-1200,Active, , ,139.498774322177,31.4989260054309
601,601,Submarine volcano,-997,Active, , ,140.198757267834,31.4989348448672
602,602,Submarine volcano,-2100,Active, , ,139.898762884699,31.2989436487305
603,603,Submarine volcano,-64,Active, , ,140.11544340439,30.449000285235
604,604,Submarine volcano,-2900,Active, , ,139.998782081428,30.099021152904
605,605,Submarine volcano,-2634,Active, , ,140.765474954905,25.9993161198431
606,606,Submarine volcano,-3498,Active, , ,142.815447546667,25.2993815379277
607,607,Hukuzin'okano Ba,227,Active, , ,143.432136474219,21.9329797253341
608,608,Submarine volcano,-60,Active, , ,145.332146980799,15.0002361024142
609,609,Submarine volcano,0,Active, , ,145.132152782725,15.0835578034499
610,610,Submarine volcano,-54,Active, , ,145.248820275935,15.0002366024373
611,611,Turumi,1375,Active,JA,Japan,131.432262115504,33.2820742301416
612,612,Kuzyu,1788,Active,JA,Japan,131.248934726456,33.082084034051
613,613,Aso,1592,Active,JA,Japan,131.098946623888,32.8820941725081
614,614,Unzen,1360,Active,JA,Japan,130.298964161367,32.7487647068258
615,615,Kirisima,1700,Active,JA,Japan,130.865625146184,31.9321554605061
616,616,Sakura Zima,1118,Active,JA,Japan,130.648960137101,31.5821743280828
617,617,Kaimon Dake,924,Active,JA,Japan,130.532313156527,31.1822007743463
618,618,Submarine volcano,-390,Active, , ,130.198991327388,29.8989537428211
619,619,Submarine volcano,-100,Active, , ,129.832333212808,29.6489682907541
620,620,Submarine volcano,-100,Active, , ,122.465875497356,26.1825075907528
621,621,Submarine volcano,-100,Active, , ,122.33255286922,25.4158989369864
622,622,Ta Tung,1120,Solfatara stage,TW,Taiwan,121.515900262987,25.1659124848733
623,623,Submarine volcano,-200,Active, , ,123.932526132775,24.565975252456
624,624,Submarine volcano,-3000,Active, , ,121.83258063229,23.9993381158614
625,625,Submarine volcano,-6000,Active, , ,134.748972029636,20.9329982281857
626,626,Harrat ar Raha,1660,Potentially active,SA,Saudi Arabia,36.1680227112792,27.7992625679132
627,627,Hala al Isqia,1700,Active,SA,Saudi Arabia,37.2013364918856,27.549270446474
628,628,Hala al Bedr,1500,Active,SA,Saudi Arabia,37.2013328226517,27.2492900720792
629,629,Hala al Asi,1500,Potentially active,SA,Saudi Arabia,37.3513264281722,27.0826321594466
630,630,Harrat al-Ithnayn,1625,Solfatara stage,SA,Saudi Arabia,39.9679459969103,26.2493407625662
631,631,Harrat al Khaybar,1829,Potentially active,SA,Saudi Arabia,39.2512713939597,25.1660874281923
632,632,East Medina volcano,689,Active,SA,Saudi Arabia,39.5346008017856,24.49947012005
633,633,Harrat Lunayyir,0,Potentially active,SA,Saudi Arabia,37.417969647881,24.8661262336388
634,634,Jabal Yar,250,Active,YM,Yemen,42.8678112537864,15.9334759850287
635,635,Khawlan Hattab,2900,Potentially active,YM,Yemen,44.0844559254007,15.6334897740339
636,636,Jabal-Zebib,2950,Active,YM,Yemen,44.1177920444673,15.6001674973322
637,637,Jabal al Mara,2650,Potentially active,YM,Yemen,44.2177827227945,15.2835278196532
638,638,Jabal al Rabeke,1130,Potentially active,YM,Yemen,44.8677780836917,15.4168387736905
639,639,Jabal Izbil,3500,Potentially active,YM,Yemen,44.6177784565106,14.6502467969522
640,640,Jabal al Asi,3030,Solfatara stage,YM,Yemen,44.617769951622,14.5169245033632
641,641,Harras of Damar,2500,Active,YM,Yemen,44.4177717506658,14.4169343250591
642,642,Jabal Hammam demt,1500,Solfatara stage,YM,Yemen,44.7511002509759,14.0502935548038
643,643,Jabal-an-Nar,0,Solfatara stage,YM,Yemen,43.7344482755675,13.3336960003702
644,644,As Sawad,1737,Active,YM,Yemen,45.6677492057613,13.3670186107204
645,645,Submarine volcano,0,Solfatara stage, , ,38.0512616773846,21.3830535913502
646,646,Submarine volcano,0,Solfatara stage, , ,38.017924223724,21.28305774372
647,647,Jabal Tair,244,Active, , ,41.7344966226211,15.7001631785878
648,648,Submarine volcano,-1768,Active, , ,120.049304827956,19.7496938439958
649,649,Submarine volcano,-6100,Active, , ,131.899034152404,19.3164562176804
650,650,Submarine volcano,0,Active, , ,121.749259097629,20.3329834472283
651,651,Babuyan Claro,1160,Active,RP,Philippines,121.949255296695,19.4997254035046
652,652,Didicas,736,Active,RP,Philippines,121.849261616431,18.8497837429255
653,653,Cagua,1158,Active,RP,Philippines,122.115928219012,18.1998409150262
654,654,Submarine volcano,-2500,Active, , ,124.999204049028,16.0000588323493
655,655,Jalajala,0,Solfatara stage,RP,Philippines,121.332628240701,14.3501948787907
656,656,Taal,300,Active,RP,Philippines,120.99930791343,14.0002219176075
657,657,Maquiling,1109,Solfatara stage,RP,Philippines,121.199299943238,14.1335478813297
658,658,Banahao,2177,Active,RP,Philippines,121.482619678855,14.0668879845929
659,659,Malinao,1657,Solfatara stage,RP,Philippines,123.549248406489,13.4002921900326
660,660,Mayon,2990,Active,RP,Philippines,123.682576871226,13.2502997518321
661,661,Pocdol Mountains,1099,Solfatara stage,RP,Philippines,123.882570068354,13.0336607592367
662,662,Bulusan,1559,Active,RP,Philippines,124.049231316572,12.7670245087741
663,663,Biliran,1187,Solfatara stage,RP,Philippines,124.532554256074,11.517141947443
664,664,Casiboy,0,Solfatara stage,RP,Philippines,124.89922387748,10.8838664276935
665,665,Danan,0,Solfatara stage,RP,Philippines,124.882554233791,10.8838654267481
666,666,Kabalian,945,Solfatara stage,RP,Philippines,125.215884567819,10.3005951697314
667,667,Silay,1535,Solfatara stage,RP,Philippines,123.232596721062,10.7838699127663
668,668,Mandalagan,1879,Solfatara stage,RP,Philippines,123.249259694479,10.6505537885266
669,669,Canlaon,2465,Active,RP,Philippines,123.132593701338,10.4172419839305
670,670,Magaso,1904,Solfatara stage,RP,Philippines,123.182598130399,9.26735543660419
671,671,Calayo,1678,Active,RP,Philippines,124.682568374231,7.83415765944847
672,672,Ragang,2815,Active,RP,Philippines,124.532577770648,7.71750867788325
673,673,Latucan,2158,Solfatara stage,RP,Philippines,124.465906367085,7.65084811474873
674,674,Macuturing,1940,Solfatara stage,RP,Philippines,124.315907591362,7.65084177722628
675,675,Apo,2953,Solfatara stage,RP,Philippines,125.265901337377,6.98424431442362
676,676,Matutum,2293,Active,RP,Philippines,125.115895557734,6.36763910655958
677,677,Budd Dayo,399,Potentially active,RP,Philippines,121.215980093706,5.98434019944068
678,678,Erciyas Dagi,3770,Potentially active,TU,Turkey,35.4848771823362,38.5153318774642
679,679,Nemrut,3050,Active,TU,Turkey,42.0180861944224,38.6485777907325
680,680,Tendurek Dagi,3542,Solfatara stage,TU,Turkey,43.8347389758231,39.3318585723153
681,681,Qollen-ye Damavand,5604,Solfatara stage,IR,Iran,52.1178241342764,35.9486068352373
682,682,Taftan,4050,Solfatara stage,IR,Iran,61.6008481301371,28.5990035453773
683,683,Bazman,3490,Solfatara stage,IR,Iran,60.0008763675504,28.0657187048544
684,684,near the Kilis,0,Active,TU,Turkey,37.1514834915699,36.7653996970384
685,685,As Safa,740,Potentially active,SY,Syria,37.2180788475608,33.0322568838482
686,686,Pulau Weh,584,Solfatara stage,ID,Indonesia,95.3332737540806,5.8843333441086
687,687,Seulawah Agam,1726,Active,ID,Indonesia,95.5999291825858,5.43437087281757
688,688,Peuetsague,2780,Active,ID,Indonesia,96.3332487464326,4.93442765341354
689,689,Geureudong,2590,Solfatara stage,ID,Indonesia,96.7999040432371,4.81777350254515
690,690,Telong,2624,Active,ID,Indonesia,96.8165656820606,4.76777958026349
691,691,Gayolesten,1500,Solfatara stage,ID,Indonesia,97.5998790018145,3.86787098016163
692,692,Sibayak,2094,Solfatara stage,ID,Indonesia,98.4665265303751,3.21793582347954
693,693,Sinabung,2460,Solfatara stage,ID,Indonesia,98.3998621316321,3.16794173572259
694,694,Pusuk Bukit,1981,Solfatara stage,ID,Indonesia,98.6498559213138,2.61799642279675
695,695,Helatoba Tarutung,1100,Solfatara stage,ID,Indonesia,98.9331819944535,2.03472032917989
696,696,Bual Buali,1819,Solfatara stage,ID,Indonesia,99.2498400165036,1.5681013883684
697,697,Talakmau,2912,Solfatara stage,ID,Indonesia,99.9664892702637,-0.0650719088414462
698,698,Marapi,2891,Active,ID,Indonesia,100.466476849627,-0.381702247061014
699,699,Tandikat,2438,Active,ID,Indonesia,100.316478574826,-0.431704340582826
700,700,Talang,2896,Active,ID,Indonesia,100.68313835675,-0.981648485289327
701,701,Kerinci,3805,Active,ID,Indonesia,101.266451808204,-1.698240535872
702,702,Sumbing,2508,Active,ID,Indonesia,101.733108105055,-2.41484192591412
703,703,Kunyit,2151,Solfatara stage,ID,Indonesia,101.633111590128,-2.5981519715362
704,704,Blerang Bereti,1959,Solfatara stage,ID,Indonesia,102.183100929364,-2.81480380555115
705,705,Bukit Daun,2467,Solfatara stage,ID,Indonesia,102.366430153929,-3.38141342468975
706,706,Kaba,1600,Active,ID,Indonesia,102.61642394361,-3.51472637971858
707,707,Dempo,3173,Active,ID,Indonesia,103.133073996368,-4.03134941504339
708,708,Bukit Lumut Balai,2055,Solfatara stage,ID,Indonesia,103.51640342198,-4.16466653932929
709,709,Marga Bayur,1000,Solfatara stage,ID,Indonesia,103.616406941727,-4.33132044997876
710,710,Sekinciau Belirang,1719,Solfatara stage,ID,Indonesia,104.316378379659,-5.11458140220992
711,711,Pematang Bata,1000,Active,ID,Indonesia,104.266384458276,-5.2479006947612
712,712,Hulubelu,1040,Solfatara stage,ID,Indonesia,104.59970411915,-5.3478892057222
713,713,Radjabasa,1281,Solfatara stage,ID,Indonesia,105.633011562234,-5.78118353429261
714,714,Submarine volcano,-50,Active, , ,107.416294537763,-0.964985679145741
715,715,Pulosari,1346,Solfatara stage,ID,Indonesia,105.983001534094,-6.34779098516577
716,716,Karang,1778,Solfatara stage,ID,Indonesia,106.049672937656,-6.26446394755311
717,717,Kiarabares Gagak,1511,Active,ID,Indonesia,106.649655865526,-6.73109539613557
718,718,Perbakti,1699,Solfatara stage,ID,Indonesia,106.68298798171,-6.74775886867678
719,719,Salak,2211,Active,ID,Indonesia,106.732982903139,-6.71442208321253
720,720,Gede,2958,Active,ID,Indonesia,106.982976693719,-6.78108698287792
721,721,Patuha,2434,Solfatara stage,ID,Indonesia,107.366312956877,-7.14771691270533
722,722,Wayang Windu,2182,Solfatara stage,ID,Indonesia,107.632961381463,-7.21437997775371
723,723,Tangkuban Parahu,2084,Active,ID,Indonesia,107.599629598927,-6.76441900653185
724,724,Papandayan,2665,Active,ID,Indonesia,107.73295789639,-7.31437082245543
725,725,Kawa Manuk,2608,Solfatara stage,ID,Indonesia,107.716287419029,-7.23104245024882
726,726,Kawa Kamojang,1730,Solfatara stage,ID,Indonesia,107.799629467226,-7.13105293924173
727,727,Guntur,2249,Active,ID,Indonesia,107.332973836773,-7.14771591175986
728,728,Galunggung,2168,Active,ID,Indonesia,108.049623256908,-7.24771426220337
729,729,Talagabodas,2201,Solfatara stage,ID,Indonesia,108.066284728458,-7.21438331333917
730,730,Kawa Karaha,1155,Active,ID,Indonesia,108.082955373092,-7.16438205348891
731,731,Ciremay,3078,Active,ID,Indonesia,108.399612895119,-6.89774713762029
732,732,Slamet,3432,Active,ID,Indonesia,109.216266835946,-7.24771526224953
733,733,Butak Petarangan,2222,Active,ID,Indonesia,109.832912903608,-7.18105203082649
734,734,Dieng,2565,Active,ID,Indonesia,109.916246779665,-7.19772150724174
735,735,Sundoro,3150,Active,ID,Indonesia,109.999572649958,-7.2977063489688
736,736,Sumbing,3371,Active,ID,Indonesia,110.066236048655,-7.38103155286382
737,737,Ungaran,2050,Solfatara stage,ID,Indonesia,110.332907821439,-7.18105436546654
738,738,Merbabu,3145,Active,ID,Indonesia,110.432904169992,-7.4476947842868
739,739,Merapi,2911,Active,ID,Indonesia,110.449558636722,-7.54768062695933
740,740,Lawu,3265,Solfatara stage,ID,Indonesia,111.199540507588,-7.63101266839988
741,741,Wilis,2563,Solfatara stage,ID,Indonesia,111.766199657788,-7.81432638235663
742,742,Kelud,1731,Active,ID,Indonesia,112.316181325808,-7.93098637072438
743,743,Arjuna and Welirang,3339,Solfatara stage,ID,Indonesia,112.582838255281,-7.73100601501551
744,744,Semeru,3676,Active,ID,Indonesia,112.91615774978,-8.11430425483746
745,745,Bromo,2329,Active,ID,Indonesia,112.949498204479,-7.947654513445
746,746,Lamongan,1651,Active,ID,Indonesia,113.349489602563,-7.99764843572666
747,747,Argopuro,3088,Solfatara stage,ID,Indonesia,113.566151442435,-7.96432182249407
748,748,Raund,3332,Active,ID,Indonesia,114.049477884797,-8.13096522636408
749,749,Kawa Ijen,2386,Active,ID,Indonesia,114.249470248253,-8.0643044959557
750,750,Batur,1717,Active,ID,Indonesia,115.382774372639,-8.24763138498037
751,751,Agung,3142,Active,ID,Indonesia,115.499440364881,-8.34762039596444
752,752,Rindjani,3726,Active,ID,Indonesia,116.466084742917,-8.41428379466134
753,753,Tambora,2851,Active,ID,Indonesia,117.999382600926,-8.24763021766034
754,754,Sangeang Api,1949,Active,ID,Indonesia,119.066023326615,-8.18097382378289
755,755,Wai Sano,903,Solfatara stage,ID,Indonesia,120.032668538322,-8.68093255199562
756,756,Potjok Leok,1675,Solfatara stage,ID,Indonesia,120.482655358758,-8.68092337981011
757,757,Inerie,2245,Solfatara stage,ID,Indonesia,120.949303485268,-8.86424793419474
758,758,Inie Lika,1559,Active,ID,Indonesia,120.98265111116,-8.73092480603492
759,759,Ambulombo,2124,Active,ID,Indonesia,121.182643474617,-8.81425167727303
760,760,Pui,371,Active,ID,Indonesia,121.649299938741,-8.84757962420025
761,761,Sukariya Caldera,1500,Solfatara stage,ID,Indonesia,121.765966431006,-8.79758837110637
762,762,Ndetu Napu,750,Solfatara stage,ID,Indonesia,121.78262923715,-8.71425766425978
763,763,Keli Mutu,1640,Active,ID,Indonesia,121.832630997023,-8.76426142512463
764,764,Egon,1703,Active,ID,Indonesia,122.449278565653,-8.66426440927501
765,765,Ili Muda,1100,Solfatara stage,ID,Indonesia,122.665941072822,-8.48095419727832
766,766,Lewotobi Laki Laki,1584,Active,ID,Indonesia,122.782607398713,-8.53094495034912
767,767,Lewotobi Perampuan,1703,Active,ID,Indonesia,122.782607398713,-8.58094154002004
768,768,Leroboleng,1117,Active,ID,Indonesia,122.849271297432,-8.36429587625366
769,769,Riang Cotang,200,Solfatara stage,ID,Indonesia,122.89927322458,-8.29763197753368
770,770,Ili Boleng,1659,Active,ID,Indonesia,123.265934173823,-8.34762906812693
771,771,Lewotolo,1319,Active,ID,Indonesia,123.499259154387,-8.26430202961495
772,772,Ili Labalekan,1018,Solfatara stage,ID,Indonesia,123.382592328473,-8.53094611766915
773,773,Ili Werung,1018,Active,ID,Indonesia,123.58259286317,-8.53095145424618
774,774,Sirung,862,Active,ID,Indonesia,124.149245676747,-8.5142839788225
775,775,Damar,868,Active,ID,Indonesia,128.682485523388,-7.13107778840919
776,776,Ambang,1795,Solfatara stage,ID,Indonesia,124.415911111109,0.751516991216192
777,777,Soputan,1784,Active,ID,Indonesia,124.732570301378,1.11814958933212
778,778,Sempu,1549,Solfatara stage,ID,Indonesia,124.732570301378,1.15147536889322
779,779,Batu Kolok,890,Solfatara stage,ID,Indonesia,124.749239945068,1.1681468471993
780,780,Tempang,900,Solfatara stage,ID,Indonesia,124.799241871315,1.1848061504835
781,781,Tampusu,1180,Solfatara stage,ID,Indonesia,124.81589650532,1.25147271749199
782,782,Lahendong,988,Solfatara stage,ID,Indonesia,124.799241704941,1.2848004980446
783,783,Sarangsong,770,Solfatara stage,ID,Indonesia,124.815903510139,1.2847964951622
784,784,Lokon Empung,1579,Active,ID,Indonesia,124.799248708861,1.36812153268261
785,785,Mahawu,1331,Active,ID,Indonesia,124.865905270012,1.36812553556507
786,786,Klabat,1995,Solfatara stage,ID,Indonesia,125.032573689424,1.46811588024372
787,787,Tongkoko,1149,Active,ID,Indonesia,125.199234270345,1.51810813428301
788,788,Submarine volcano,-3900,Active, , ,124.165922658004,3.96787399988523
789,789,Dukono,1087,Active,ID,Indonesia,127.86584242299,1.70142635114524
790,790,Malupang Warirang,1115,Active,ID,Indonesia,127.8491727793,1.66810257347504
791,791,Ibu,1340,Active,ID,Indonesia,127.632510272131,1.48477818546496
792,792,Gamkunoro,1635,Active,ID,Indonesia,127.515851784732,1.38478967540323
793,793,Moti,690,Active,ID,Indonesia,127.399185291568,-0.448364478437895
794,794,Submarine volcano,-200,Active, , ,128.999151551203,-0.298387882694556
795,795,Alaid,2339,Active,RS,Russia,155.524912889418,50.816437730317
796,796,Fussa,1772,Active,RS,Russia,155.231988784655,50.2363399667162
797,797,Atsonuripi,1205,Active,RS,Russia,147.108235768466,44.77840393989
798,798,Smith Volcano,670,Active,RP,Philippines,121.905677240412,19.5309215102196
799,799,Awu,1320,Active,ID,Indonesia,125.689197549327,3.64020439002064
800,800,Todoko,979,Solfatara stage,ID,Indonesia,127.470808641106,1.29323146326146
801,801,Hilaya Lolowan,886,Active,ID,Indonesia,97.7766939646548,0.710114469607163
802,802,G.Sorikmarapi,2145,Active,ID,Indonesia,100.314213484765,-0.710960355535917
803,803,Caniguin,580,Potentially active,RP,Philippines,124.640383527878,9.18375555997119
804,804,Catarman,1332,Active,RP,Philippines,124.672075779774,9.24522469396453
805,805,Ternate,1715,Active,ID,Indonesia,127.311083085016,-0.790491841325377
806,806,Doma Peakes,3567,Solfatara stage,PP,Papua New Guinea,143.148881446622,-5.89788254784128
807,807,Ielia,3385,Solfatara stage,PP,Papua New Guinea,145.848848399234,-7.0477914424211
808,808,Mt.Lamington,1780,Active,PP,Papua New Guinea,148.165504604254,-8.93097537271524
809,809,Musa,808,Solfatara stage,PP,Papua New Guinea,148.132102944395,-9.29761264101052
810,810,Mt.Victory,1928,Active,PP,Papua New Guinea,149.065484916296,-9.19762379730037
811,811,Goropu,540,Active,PP,Papua New Guinea,149.065483582601,-9.5642613983448
812,812,Jamelele,10,Solfatara stage,PP,Papua New Guinea,150.53206133876,-9.51427047889945
813,813,Day-Day,200,Active,PP,Papua New Guinea,150.865461383736,-9.64759310703619
814,814,Submarine volcano,-600,Active, , ,145.748849215119,-4.4146826771638
815,815,Karkar,1500,Active,PP,Papua New Guinea,145.965550581094,-4.64799681639988
816,816,Submarine volcano,0,Active, , ,146.24884179831,-4.31469416620274
817,817,Long Island,320,Active,PP,Papua New Guinea,147.098833525547,-5.33127392874877
818,818,Talo,1390,Solfatara stage,PP,Papua New Guinea,147.882116492282,-5.59791768405381
819,819,Submarine volcano,-2000,Active, , ,89.0000976307011,6.00098566125934
820,820,Saddle Island,191,Active,YM,Yemen,42.1678251398184,15.0835496322098
821,821,Barren Island,353,Active,IN,India,93.8333111805666,12.2503582799108
822,822,Iles des Cendres,34,Active,VM,Vietnam,108.999593821997,10.1672423567494
823,823,Submarine volcano,0,Active,VM,Vietnam,109.049588077028,9.83394054022381
824,824,Krakatau,813,Active,ID,Indonesia,105.416349721463,-6.09781237154368
825,825,Batu Tara,748,Active,ID,Indonesia,123.582594197764,-7.79767691855488
826,826,Submarine volcano,0,Active,ID,Indonesia,123.949247809439,-7.53103349689832
827,827,Gunungapi,282,Active,ID,Indonesia,126.649203587975,-6.64778670199468
828,828,Submarine volcano,0,Active,ID,Indonesia,124.682570375223,-6.59778711038678
829,829,Submarine volcano,0,Active,ID,Indonesia,124.21590540621,-6.61445191752193
830,830,Teun,655,Active,ID,Indonesia,129.132473678418,-6.91443395925978
831,831,Nila,781,Active,ID,Indonesia,129.499135628606,-6.73112408001225
832,832,Serua,641,Active,ID,Indonesia,129.999126210806,-6.29783375342492
833,833,Manuk,282,Solfatara stage,ID,Indonesia,130.29912442865,-5.53122560058097
834,834,Banda Api,685,Active,ID,Indonesia,129.882462053181,-4.53131931733259
835,835,Iya,637,Active,ID,Indonesia,121.640534095672,-8.88090873844749
836,836,Paluweh,875,Active,ID,Indonesia,121.715973510569,-8.31430128757432
837,837,Submarine volcano,0,Active,ID,Indonesia,119.349349233381,-8.51427930864315
838,838,Asuncion,857,Active,CQ,Northern Mariana Islands,145.398781694719,19.6665100620897
839,839,Uracas,360,Active,CQ,Northern Mariana Islands,144.913125956098,20.5412907031035
840,840,Agrihan,965,Active,CQ,Northern Mariana Islands,145.665462138767,18.7499193105278
841,841,North Pagan,570,Active,CQ,Northern Mariana Islands,145.798795273683,18.1333024285643
842,842,Alamagan,744,Solfatara stage,CQ,Northern Mariana Islands,145.832123386985,17.6000174207674
843,843,Guguan,287,Active,CQ,Northern Mariana Islands,145.848802870156,17.3167083583041
844,844,Anatahan,788,Solfatara stage,CQ,Northern Mariana Islands,145.665492991808,16.3501185151574
845,845,Nisini Sima,0,Active,JA,Japan,140.882128772125,27.2492246976617
846,846,Kita-Io Zima,14,Active,JA,Japan,141.232146595089,25.4660242745007
847,847,Io Zims,165,Active,JA,Japan,141.332142609994,24.7494077074998
848,848,Sin-Io Zima,7,Active,JA,Japan,141.515477671158,24.2827795945028
849,849,Babuyan Claro,240,Active,RP,Philippines,122.165911133592,19.0831012186464
850,850,Qai Shan Tao,401,Solfatara stage,TW,Taiwan,121.9159025006,24.8492728071943
851,851,Peng Chia Su,129,Solfatara stage,TW,Taiwan,122.065886933935,25.6325424324873
852,852,Okinawa-Tori Sima,156,Active,JA,Japan,128.249058110443,27.8824159977002
853,853,Suwanose Zima,799,Active,JA,Japan,129.715668054237,29.5323004638954
854,854,Nakano Sima,980,Active,JA,Japan,129.915673426388,29.8322841729762
855,855,Kutinoerabu Zima,649,Active,JA,Japan,130.215647462361,30.4322484228265
856,856,Tokara-Io Zima,717,Active,JA,Japan,130.298985841324,30.7822235522752
857,857,Tori Sima,403,Active,JA,Japan,140.315436101495,30.4823330678169
858,858,Submarine volcano,0,Active,JA,Japan,139.03213019855,30.9989556031186
859,859,Bayonnaise,9,Active,JA,Japan,139.915432362014,31.915570036528
860,860,Aoga Sima,423,Active,JA,Japan,139.765418243857,32.4488705540329
861,861,Miyake Zima,815,Active,JA,Japan,139.532077587211,34.0821022208409
862,862,Kozi Sima,574,Active,JA,Japan,139.148737654819,34.2154255162746
863,863,Nii Zima,429,Active,JA,Japan,139.265400811498,34.3820812606417
864,864,O Sima,758,Active,JA,Japan,139.382061967186,34.7320615593935
865,865,Brat Chirpoyev,752,Solfatara stage,RS,Russia,150.814897436967,46.4650651874085
866,866,Palassa,1002,Active,RS,Russia,152.481493240321,47.3484022058971
867,867,Caldera Ushishir,401,Active,RS,Russia,152.481502413406,47.5150664560522
868,868,Rasshua,956,Active,RS,Russia,153.014808767511,47.7650694188187
869,869,Raykoke,551,Active,RS,Russia,153.248124908638,48.2484000295378
870,870,Severgina,1144,Active,RS,Russia,154.431407111949,49.048392164267
871,871,Kosheleva,1812,Active,RS,Russia,156.464592819903,51.4984065197451
872,872,Osima-O Sima,714,Active,JA,Japan,139.365276417972,41.4984035980477
873,873,Snow,400,Active,RS,Russia,150.881560001993,46.5317305870969
874,874,Ekarma,1171,Active,RS,Russia,153.948082838752,48.9483909800597
875,875,Chernogo,624,Active,RS,Russia,150.88169708835,46.5316575414624
876,876,Chirinkotan,724,Active,RS,Russia,153.481430210236,48.9817155914015
877,877,Baitoushan,2744,Active,CH,China,128.082212413972,42.0376450154052
878,878,Jolo,0,Active,RP,Philippines,121.168435210617,5.94873565472676
879,879,Submarine volcano,0,Active,ID,Indonesia,125.499214977489,3.13462129273853
880,880,Api Siau,1827,Active,ID,Indonesia,125.48255350504,2.7846573373663
881,881,Ruang,714,Active,ID,Indonesia,125.432558916361,2.28469977647353
882,882,Balut,883,Active,RP,Philippines,125.382554154551,5.40106760778394
883,883,Unauna,508,Active,ID,Indonesia,121.615975994696,-0.165064421785587
884,884,Makian,1357,Active,ID,Indonesia,127.399185291568,-0.315044184941144
885,885,Umsini,2665,Active,ID,Indonesia,133.99905336672,1.18481398897444
886,886,Manam,1830,Active,PP,Papua New Guinea,145.065556259414,-4.09804333313326
887,887,Bam,600,Active,PP,Papua New Guinea,144.848870237671,-3.59808693956057
888,888,Sakar,998,Solfatara stage,PP,Papua New Guinea,148.098818691929,-5.41460280187778
889,889,Ritter,107,Active,PP,Papua New Guinea,148.115511350169,-5.51459331383035
890,890,Dobu,274,Solfatara stage,PP,Papua New Guinea,150.865461050087,-9.74758728732343
891,891,Mt.Melbourne,2590,Solfatara stage,AY,Antarctica,164.694965347972,-74.2810853191322
892,892,Mt.Morning,2723,Solfatara stage,AY,Antarctica,163.526524138378,-78.4659111856527
893,893,Mt.Erebus,3743,Active,AY,Antarctica,167.143617513837,-77.4927985758935
894,894,Mt.Berlin,3498,Solfatara stage,AY,Antarctica,-143.504936807688,-75.9987984167135
895,895,Mt.Hampton,3323,Solfatara stage,AY,Antarctica,-125.803824504897,-76.4361389561479
896,896,Deception,602,Active,AY,Antarctica,-60.6319362390661,-62.6594425160592
897,897,Bridgeman,240,Solfatara stage,AY,Antarctica,-56.6651340692818,-61.7483193664456
898,898,Kristensen Mount,274,Solfatara stage,AY,Antarctica,-59.5651057267478,-64.8697415414389
899,899,Lindenberg,0,Active,AY,Antarctica,-59.6984545377467,-64.6816474892402
900,900,Thule Island,820,Solfatara stage,SX,South Georgia and the South Sandwich Islands,-27.3142576207925,-59.0380689504217
901,901,Bellingshausen,244,Active,SX,South Georgia and the South Sandwich Islands,-27.0475825133223,-59.003432681473
902,902,Darnley,1097,Active,SX,South Georgia and the South Sandwich Islands,-26.4975968424203,-58.6222866281253
903,903,Mt.Michael,850,Active,SX,South Georgia and the South Sandwich Islands,-26.4476834715149,-57.3028740323107
904,904,Vindication,425,Solfatara stage,SX,South Georgia and the South Sandwich Islands,-26.6644021809159,-56.5718350682338
905,905,Candlemas,786,Active,SX,South Georgia and the South Sandwich Islands,-26.6810656543564,-56.5369823297706
906,906,Mt.Hodson,915,Solfatara stage,SX,South Georgia and the South Sandwich Islands,-27.1977687401352,-56.1709190888448
907,907,Leskov Island,183,Solfatara stage,SX,South Georgia and the South Sandwich Islands,-28.1644618155603,-56.1360453368228
908,908,Zavadovski,488,Active,SX,South Georgia and the South Sandwich Islands,-27.5811283514922,-55.7870236407284
909,909,Submarine volcano,0,Active,SX,South Georgia and the South Sandwich Islands,-28.0811639618473,-55.3503086616154
910,910,Buckle Island,1239,Solfatara stage,AY,Antarctica,163.08491024721,-66.5382270317521
911,911,Sturge Island,1524,Solfatara stage,AY,Antarctica,164.75437652106,-67.2538314621522
912,912,Freeman,3650,Solfatara stage,AY,Antarctica,162.525760483759,-66.2236851729323
913,913,Heard,0,Active,HM,Heard Island & McDonald Islands,73.5007930165845,-53.095907583668
914,914,Kerguelen,1960,Solfatara stage,FS,French Southern & Antarctic Lands,68.6008907179323,-48.5958427542397
915,915,Saint Paul,1750,Active,FS,French Southern & Antarctic Lands,77.5004880260017,-38.6958038270849
